City_ID,City,Lat,Lng,Max Temp,Humidity,Cloudiness,Wind Speed,Country,Date
0,westerland,54.9079,8.3033,33.03,100,100,3.44,DE,1677631563
1,san carlos de bariloche,-41.1456,-71.3082,62.35,55,20,14.97,AR,1677631542
2,chokurdakh,70.6333,147.9167,-29.63,99,95,3.38,RU,1677631579
3,podlesnoye,51.8161,47.009,21.52,91,100,13.87,RU,1677631584
4,laem sing,12.4816,102.0738,82.42,82,94,9.4,TH,1677631590
5,pochutla,15.7432,-96.4661,84.02,69,9,3.53,MX,1677631595
6,broome,42.2506,-75.833,36.66,86,100,8.05,US,1677631601
7,mananjary,-21.2167,48.3333,72.64,90,65,2.82,MG,1677631606
8,castro,-24.7911,-50.0119,61.23,98,18,4.61,BR,1677631611
9,edson,53.5835,-116.4356,14.14,85,100,9.22,CA,1677631511
10,jamestown,42.097,-79.2353,34.02,91,100,8.05,US,1677631622
11,butaritari,3.0707,172.7902,81.93,75,42,14.63,KI,1677631627
12,mataura,-46.1927,168.8643,65.48,46,100,3.85,NZ,1677631152
13,atuona,-9.8,-139.0333,80.22,77,6,15.59,PF,1677631266
14,sitka,57.0531,-135.33,30.09,59,75,4.61,US,1677631643
15,airai,-8.9266,125.4092,62.29,96,100,4.12,TL,1677631288
16,hofn,64.2539,-15.2082,38.07,58,100,12.68,IS,1677631653
17,ushuaia,-54.8,-68.3,42.46,75,40,21.85,AR,1677630997
18,chumikan,54.7183,135.315,3.85,82,22,17.94,RU,1677631663
19,hobart,-42.8794,147.3294,68.25,51,40,20.71,AU,1677631072
20,buala,-8.145,159.5921,81.36,84,100,17.07,SB,1677631679
21,chuy,-33.6971,-53.4616,69.87,79,68,1.07,UY,1677631148
22,ribeira grande,38.5167,-28.7,62.78,95,17,21.99,PT,1677631689
23,severo-kurilsk,50.6789,156.125,24.73,89,100,6.69,RU,1677631695
24,yar-sale,66.8333,70.8333,-19.8,100,99,3.0,RU,1677631701
25,busselton,-33.65,115.3333,73.27,53,0,13.65,AU,1677631706
26,zhigansk,66.7697,123.3711,-29.09,100,100,2.01,RU,1677631712
27,san cristobal,7.7669,-72.225,75.38,81,32,2.24,VE,1677631717
28,kodiak,57.79,-152.4072,35.11,87,100,4.61,US,1677631175
29,carnarvon,-24.8667,113.6333,86.27,54,85,6.26,AU,1677631727
30,los llanos de aridane,28.6585,-17.9182,60.55,87,0,8.01,ES,1677631733
31,port hardy,50.6996,-127.4199,39.38,65,40,8.05,CA,1677631738
32,yarada,17.65,83.2667,64.72,100,0,2.3,IN,1677631743
33,bluff,-46.6,168.3333,66.31,60,100,0.98,NZ,1677631749
34,new norfolk,-42.7826,147.0587,67.91,48,26,11.01,AU,1677631754
35,albany,42.6001,-73.9662,33.89,89,35,4.97,US,1677631591
36,punta arenas,-53.15,-70.9167,44.71,76,20,21.85,CL,1677631465
37,aklavik,68.2191,-135.0107,-14.8,76,20,4.61,CA,1677631769
38,srinagar,34.0833,74.8167,43.03,93,100,2.93,IN,1677631775
39,kaka,37.3482,59.6143,47.98,38,0,5.06,TM,1677631780
40,sterling,39.0062,-77.4286,53.17,71,0,10.36,US,1677631759
41,upernavik,72.7868,-56.1549,3.13,95,100,9.69,GL,1677631791
42,ginda,30.6945,78.4932,49.8,51,100,5.35,IN,1677631796
43,norman wells,65.282,-126.8329,-5.76,71,0,5.75,CA,1677631801
44,hermanus,-34.4187,19.2345,64.8,84,99,8.37,ZA,1677631282
45,riyadh,24.6877,46.7219,64.54,44,81,4.5,SA,1677631269
46,rikitea,-23.1203,-134.9692,80.6,74,3,13.15,PF,1677631817
47,santa rosa,14.3122,121.1114,85.08,69,43,12.35,PH,1677631827
48,leh,34.1667,77.5833,9.55,93,93,3.22,IN,1677631833
49,barrow,71.2906,-156.7887,-14.78,76,75,12.66,US,1677631838
50,bom jesus,-9.0744,-44.3586,78.89,56,50,1.54,BR,1677631843
51,faanui,-16.4833,-151.75,81.21,77,96,7.72,PF,1677631849
52,dikson,73.5069,80.5464,-10.62,98,19,8.19,RU,1677631854
53,wasilla,61.5814,-149.4394,28.02,81,100,23.02,US,1677631670
54,kruisfontein,-34.0033,24.7314,69.89,92,100,6.29,ZA,1677631864
55,guilin,25.2819,110.2864,53.71,48,0,6.55,CN,1677631870
56,biak,-0.9131,122.8766,81.34,69,100,0.98,ID,1677631875
57,cape town,-33.9258,18.4232,70.38,83,0,17.27,ZA,1677631128
58,qaanaaq,77.484,-69.3632,-13.22,72,84,5.93,GL,1677631886
59,baghdad,33.3406,44.4009,49.91,57,0,3.44,IQ,1677631891
60,san juan,-31.5375,-68.5364,87.21,28,0,11.25,AR,1677631594
61,manhattan,40.7834,-73.9662,37.65,89,20,8.99,US,1677631706
62,khatanga,71.9667,102.5,-22.79,99,78,4.72,RU,1677631907
63,puerto ayora,-0.7393,-90.3518,77.56,94,71,4.0,EC,1677631912
64,kapaa,22.0752,-159.319,82.38,71,75,19.57,US,1677631922
65,gamboma,-1.8764,15.8644,72.0,86,91,2.51,CG,1677631928
66,hambantota,6.1241,81.1185,75.54,100,20,5.75,LK,1677631933
67,necochea,-38.5473,-58.7368,75.43,53,0,15.41,AR,1677631939
68,bilibino,68.0546,166.4372,-30.39,96,69,1.92,RU,1677631954
69,mar del plata,-38.0023,-57.5575,72.95,80,20,11.5,AR,1677631732
70,shalakusha,62.2247,40.2539,20.88,88,100,11.97,RU,1677631965
71,tiksi,71.6872,128.8694,-32.6,100,84,3.74,RU,1677631970
72,saint-philippe,-21.3585,55.7679,74.79,81,49,8.21,RE,1677631975
73,vila,42.0304,-8.1588,29.7,71,10,4.99,PT,1677631981
74,bethel,41.3712,-73.414,34.93,82,70,4.38,US,1677631986
75,ormara,25.2088,64.6357,72.75,71,11,2.35,PK,1677631991
76,herat,34.5,62.0,43.97,70,0,4.27,AF,1677632002
77,pacific grove,36.6177,-121.9166,52.43,89,100,10.36,US,1677632007
78,ponta do sol,32.6667,-17.1,63.72,84,100,1.97,PT,1677632013
79,edd,13.9297,41.6925,79.45,57,7,14.16,ER,1677632018
80,vardo,70.3705,31.1107,28.38,93,100,31.07,NO,1677632024
81,killybegs,54.6333,-8.45,41.68,72,100,7.34,IE,1677632029
82,bonavista,48.6499,-53.1147,12.85,78,54,14.65,CA,1677632039
83,avarua,-21.2078,-159.775,84.25,58,75,6.91,CK,1677632045
84,danville,36.586,-79.395,63.16,44,0,5.75,US,1677631757
85,honiara,-9.4333,159.95,80.15,89,100,15.64,SB,1677632060
86,sioux lookout,50.1001,-91.917,19.47,49,20,12.66,CA,1677632066
87,kharsia,21.9667,83.1167,64.81,33,0,1.68,IN,1677632071
88,kasongo-lunda,-6.4667,16.8167,70.11,90,100,2.04,CD,1677632076
89,east london,-33.0153,27.9116,72.3,91,9,12.3,ZA,1677632082
90,bridlington,54.0831,-0.1919,42.15,84,100,17.85,GB,1677632087
91,tadine,-21.55,167.8833,81.93,80,100,18.1,NC,1677632092
92,kaitangata,-46.2817,169.8464,70.66,58,57,6.89,NZ,1677632098
93,ilulissat,69.2167,-51.1,15.82,86,100,4.61,GL,1677632103
94,corinto,37.9407,22.9573,56.89,92,66,3.8,GR,1677632109
95,nador,35.174,-2.9287,53.85,62,0,0.0,MA,1677632114
96,vaini,-21.2,-175.2,84.36,79,40,12.66,TO,1677632119
97,mount gambier,-37.8333,140.7667,65.61,53,47,9.84,AU,1677632125
98,lavrentiya,65.5833,-171.0,2.28,80,100,23.76,RU,1677632130
99,alofi,-19.0595,-169.9187,87.69,55,40,4.61,NU,1677632135
100,waipawa,-41.4122,175.5153,66.34,62,2,6.29,NZ,1677632141
101,touros,-5.1989,-35.4608,80.02,78,16,11.72,BR,1677632146
102,esperance,-33.8667,121.9,68.14,59,34,9.98,AU,1677632151
103,bukoba,-1.3317,31.8122,64.09,88,29,4.74,TZ,1677632157
104,sao mateus do sul,-25.8742,-50.3828,61.84,100,100,2.06,BR,1677632162
105,baoqing,46.3317,132.2111,22.35,67,100,5.1,CN,1677632167
106,yambio,4.5721,28.3955,71.83,68,100,3.85,SS,1677632173
107,poum,-20.2333,164.0167,82.04,79,24,2.98,NC,1677632183
108,husavik,66.0449,-17.3389,35.8,67,3,20.24,IS,1677632189
109,bosaso,11.2842,49.1816,75.43,76,22,5.5,SO,1677632194
110,half moon bay,37.4636,-122.4286,52.45,87,100,12.66,US,1677631990
111,petropavlovsk-kamchatskiy,53.0452,158.6483,21.79,46,75,0.0,RU,1677632204
112,hoi an,15.8794,108.335,69.76,88,100,3.11,VN,1677632210
113,hilo,19.7297,-155.09,71.33,92,75,10.36,US,1677632215
114,urumqi,43.801,87.6005,13.15,79,0,2.24,CN,1677632142
115,bathsheba,13.2167,-59.5167,77.61,69,20,12.66,BB,1677632226
116,emerald,-23.5333,148.1667,87.35,43,9,3.27,AU,1677632231
117,uyuni,-20.4597,-66.825,62.13,27,76,9.24,BO,1677632237
118,lagoa,39.05,-27.9833,61.68,86,100,23.02,PT,1677632242
119,abu samrah,35.3029,37.1841,56.16,43,9,2.01,SY,1677632253
120,eureka,40.8021,-124.1637,43.93,74,100,5.01,US,1677632258
121,buchanan,5.8808,-10.0467,78.71,89,82,6.6,LR,1677632263
122,yellowknife,62.456,-114.3525,-5.28,65,20,13.8,CA,1677632268
123,codrington,-38.2667,141.9667,64.89,61,53,15.59,AU,1677632274
124,bambous virieux,-20.3428,57.7575,75.45,88,20,0.0,MU,1677632111
125,gudur,14.1333,79.85,69.49,90,1,2.59,IN,1677632284
126,port elizabeth,-33.918,25.5701,72.1,99,37,5.01,ZA,1677632295
127,constitucion,-35.3333,-72.4167,60.17,75,0,14.41,CL,1677632305
128,faya,18.3851,42.4509,55.51,55,2,3.0,SA,1677632311
129,hithadhoo,-0.6,73.0833,81.86,68,100,14.45,MV,1677632316
130,linjiang,41.8069,126.9078,29.91,69,55,4.76,CN,1677632321
131,geraldton,-28.7667,114.6,82.81,54,75,6.91,AU,1677632123
132,nalut,30.3333,10.85,53.51,37,52,5.5,LY,1677632332
133,mazatlan,23.2167,-106.4167,69.91,80,100,8.01,MX,1677632337
134,sri aman,1.2376,111.4621,73.45,100,40,0.0,MY,1677632342
135,nuuk,64.1835,-51.7216,20.32,94,100,15.41,GL,1677632348
136,zhezkazgan,47.8043,67.7144,19.38,93,40,6.71,KZ,1677632353
137,vila velha,-20.3297,-40.2925,80.55,88,40,4.61,BR,1677632358
138,naze,28.3667,129.4833,63.52,51,27,7.27,JP,1677632364
139,souillac,-20.5167,57.5167,75.58,88,20,0.0,MU,1677632369
140,sarakhs,36.5449,61.1577,48.81,43,0,6.31,IR,1677632374
141,dwarka,22.2394,68.9678,72.75,71,0,6.44,IN,1677632385
142,ancud,-41.8697,-73.8203,54.77,91,6,4.36,CL,1677632390
143,rawson,-43.3002,-65.1023,79.02,29,0,12.53,AR,1677632395
144,ossora,59.2353,163.0719,-1.93,86,100,1.9,RU,1677632401
145,maibong,25.3,93.1667,59.81,54,0,0.38,IN,1677632406
146,ostrovnoy,68.0531,39.5131,27.68,84,100,17.0,RU,1677632412
147,guiratinga,-16.3494,-53.7583,75.18,80,99,2.73,BR,1677632418
148,nome,64.5011,-165.4064,16.16,92,100,27.63,US,1677632326
149,kimbe,-5.5502,150.1429,78.39,90,100,3.83,PG,1677632428
150,navahrudak,53.6,25.8333,27.79,94,100,12.55,BY,1677632433
151,kavaratti,10.5669,72.642,80.87,68,10,7.65,IN,1677632439
152,dingle,10.9995,122.6711,80.53,81,69,12.21,PH,1677632444
153,laxou,48.6832,6.148,32.5,70,0,9.22,FR,1677632449
154,sines,37.9562,-8.8698,44.29,73,6,10.49,PT,1677632455
155,barrancas,10.9576,-72.7877,75.99,78,3,3.27,CO,1677632460
156,la orilla,17.9833,-102.2333,76.21,70,5,4.21,MX,1677632465
157,cabo san lucas,22.8909,-109.9124,73.62,62,33,5.73,MX,1677632402
158,tuatapere,-46.1333,167.6833,65.48,58,96,8.97,NZ,1677632476
159,tilichiki,60.4667,166.1,-13.56,88,6,6.29,RU,1677632482
160,saint george,37.1041,-113.5841,48.79,43,100,9.22,US,1677632423
161,beringovskiy,63.05,179.3167,-2.16,79,100,17.56,RU,1677632492
162,taltal,-25.4,-70.4833,68.9,81,4,5.14,CL,1677632497
163,lingao,19.9103,109.6859,67.95,74,30,8.7,CN,1677632503
164,talaya,61.3833,152.75,-17.97,86,100,6.4,RU,1677632508
165,great yarmouth,52.6083,1.7305,41.25,87,100,10.71,GB,1677632513
166,arraial do cabo,-22.9661,-42.0278,75.61,89,22,12.5,BR,1677632456
167,olafsvik,64.8945,-23.7142,40.19,70,69,20.45,IS,1677632529
168,lebu,-37.6167,-73.65,60.06,80,0,16.93,CL,1677632534
169,kenai,60.5544,-151.2583,17.1,89,100,4.61,US,1677632540
170,ryotsu,38.0833,138.4333,52.39,74,39,16.69,JP,1677632545
171,bangkal,6.0667,121.0667,82.96,69,10,1.74,PH,1677632551
172,mahad,18.0833,73.4167,73.56,29,0,3.38,IN,1677632557
173,nohfelden,49.5869,7.1428,29.91,77,5,8.43,DE,1677632562
174,mkushi,-13.6202,29.3939,62.76,98,100,7.25,ZM,1677632567
175,camacha,33.0833,-16.3333,56.62,88,20,2.3,PT,1677632573
176,altay,47.8667,88.1167,14.76,56,0,7.63,CN,1677632578
177,port alfred,-33.5906,26.891,70.18,97,52,1.99,ZA,1677632583
178,anshun,26.25,105.9333,46.17,82,100,7.96,CN,1677632589
179,belomorsk,64.5232,34.7668,19.99,85,16,13.0,RU,1677632594
180,kahului,20.8947,-156.47,75.97,77,23,14.0,US,1677632600
181,egvekinot,66.3167,-179.1667,-15.63,87,94,17.38,RU,1677632605
182,bredasdorp,-34.5322,20.0403,64.4,86,36,3.56,ZA,1677632611
183,conde,-7.2597,-34.9075,78.26,83,20,5.75,BR,1677632616
184,oudtshoorn,-33.5907,22.2014,66.56,76,100,4.32,ZA,1677632621
185,katsuura,35.1333,140.3,59.41,54,100,23.58,JP,1677632626
186,muros,42.7762,-9.0603,46.09,68,13,11.74,ES,1677632632
187,labuhan,-6.8844,112.2051,78.12,82,100,7.25,ID,1677632637
188,altamira,-3.2033,-52.2064,73.99,93,99,2.75,BR,1677632642
189,lasa,46.6166,10.7002,31.03,79,8,2.01,IT,1677632648
190,henties bay,-22.116,14.2845,63.05,93,22,4.74,NA,1677632653
191,bandarbeyla,9.4942,50.8122,75.65,82,25,6.2,SO,1677632659
192,viedma,-40.8135,-62.9967,80.17,40,40,15.37,AR,1677632664
193,te anau,-45.4167,167.7167,55.98,91,100,3.96,NZ,1677632670
194,rocha,-34.4833,-54.3333,72.18,65,72,7.65,UY,1677632472
195,tucuma,-0.1833,-50.05,75.96,93,100,5.61,BR,1677632680
196,mattru,7.6244,-11.8332,73.53,93,0,2.51,SL,1677632686
197,svetlaya,46.5389,138.3297,29.03,62,24,3.53,RU,1677632691
198,domoni,-12.2569,44.5319,78.3,85,87,3.31,KM,1677632696
199,pevek,69.7008,170.3133,-30.5,98,100,7.45,RU,1677632701
200,punta alta,-38.8759,-62.0736,81.37,47,20,23.02,AR,1677632707
201,aqtobe,50.2797,57.2072,32.09,100,100,13.42,KZ,1677632712
202,ojinaga,29.5667,-104.4167,76.41,16,0,3.44,MX,1677632718
203,namibe,-15.1961,12.1522,73.45,84,100,6.06,AO,1677632723
204,kathmandu,27.7167,85.3167,52.02,87,40,3.44,NP,1677632728
205,brae,60.3964,-1.353,44.13,72,100,14.65,GB,1677632600
206,mayo,38.8876,-76.5119,51.96,86,0,3.44,US,1677632739
207,georgetown,5.4112,100.3354,78.73,93,20,4.61,MY,1677632686
208,luena,-11.7833,19.9167,60.8,98,100,4.59,AO,1677632666
209,tasiilaq,65.6145,-37.6368,32.16,85,13,3.04,GL,1677632755
210,bongandanga,1.5,21.05,70.03,80,88,2.89,CD,1677632760
211,baldone,56.7428,24.3944,33.71,95,100,5.64,LV,1677632770
212,rosarito,32.3333,-117.0333,56.35,69,7,11.23,MX,1677632776
213,atambua,-9.1061,124.8925,75.02,92,100,5.77,ID,1677632786
214,gumdag,39.2061,54.5906,50.85,45,20,3.24,TM,1677632792
215,sao filipe,14.8961,-24.4956,71.02,72,28,6.78,CV,1677632797
216,zschopau,50.75,13.0667,21.67,87,100,4.16,DE,1677632802
217,novoanninskiy,50.5287,42.6747,26.49,88,100,15.1,RU,1677632808
218,sergach,55.5308,45.4661,13.89,97,88,9.17,RU,1677632813
219,qaqortoq,60.7167,-46.0333,18.91,77,100,10.92,GL,1677632818
220,vawkavysk,53.1561,24.4513,29.77,81,100,11.92,BY,1677632824
221,shatrovo,56.5167,64.6333,15.28,91,80,10.04,RU,1677632829
222,kasama,-10.2129,31.1808,61.03,97,100,2.19,ZM,1677632834
223,cockburn town,21.4612,-71.1419,75.97,70,3,10.0,TC,1677632840
224,sillamae,59.3997,27.7547,28.2,83,6,16.49,EE,1677632845
225,abu kamal,34.4506,40.9171,57.61,48,0,5.7,SY,1677632851
226,aruppukkottai,9.5167,78.1,77.43,84,98,11.81,IN,1677632856
227,bengkulu,-3.8004,102.2655,76.01,89,88,3.04,ID,1677632627
228,torbay,47.6666,-52.7314,14.58,70,75,13.8,CA,1677632602
229,angoche,-16.2325,39.9086,77.0,86,100,9.31,MZ,1677632871
230,baykit,61.67,96.37,13.75,97,100,0.87,RU,1677632877
231,sao miguel do araguaia,-13.275,-50.1628,74.05,87,99,5.08,BR,1677632882
232,tuktoyaktuk,69.4541,-133.0374,-23.8,76,20,8.05,CA,1677632611
233,houma,29.5958,-90.7195,75.0,83,0,4.61,US,1677632893
234,kirakira,-10.4544,161.9205,83.21,85,100,23.29,SB,1677632903
235,ballitoville,-29.539,31.2144,74.25,90,0,2.62,ZA,1677632908
236,devonport,-41.1667,146.35,66.09,50,0,11.48,AU,1677632914
237,fukue,32.6881,128.8419,60.48,69,100,15.3,JP,1677632924
238,grand gaube,-20.0064,57.6608,75.38,79,12,1.99,MU,1677632929
239,mpraeso,6.5932,-0.7346,73.31,83,62,3.53,GH,1677632935
240,pangody,65.85,74.4859,-1.08,98,100,6.24,RU,1677632940
241,kapit,2.0167,112.9333,74.39,98,100,1.92,MY,1677632945
242,oussouye,12.485,-16.5469,75.67,38,5,4.59,SN,1677632951
243,beyneu,45.3167,55.2,42.55,77,100,10.56,KZ,1677632956
244,deputatskiy,69.3,139.9,-21.84,97,100,0.98,RU,1677632961
245,clyde river,70.4692,-68.5914,-24.39,92,12,3.65,CA,1677632967
246,sorong,-0.8833,131.25,83.43,72,90,8.81,ID,1677632972
247,douglas,41.3,-96.167,42.51,74,0,9.22,US,1677632879
248,klaksvik,62.2266,-6.589,45.52,87,96,14.32,FO,1677632983
249,warri,5.5167,5.75,80.31,86,99,4.68,NG,1677632988
250,aykhal,66.0,111.5,-19.16,100,100,4.76,RU,1677632994
251,aldan,58.6031,125.3894,2.19,90,100,17.54,RU,1677632999
252,palana,59.1167,159.9667,8.04,88,100,4.97,RU,1677633004
253,lorengau,-2.0226,147.2712,84.15,75,100,15.41,PG,1677633010
254,caravelas,-17.7125,-39.2481,76.44,86,29,4.54,BR,1677632844
255,dombas,62.0696,9.1235,27.05,86,88,7.27,NO,1677633020
256,vestmannaeyjar,63.4427,-20.2734,42.91,70,19,10.47,IS,1677633026
257,padang,-0.9492,100.3543,75.25,85,100,2.59,ID,1677633031
258,sarangani,5.4033,125.4636,81.14,78,19,16.96,PH,1677633037
259,nikolskoye,59.7035,30.7861,26.49,87,80,10.22,RU,1677633042
260,formosa,-26.1775,-58.1781,79.97,68,1,1.99,AR,1677633048
261,saravan,39.7196,45.6483,31.51,51,17,6.33,AM,1677633053
262,hami,42.8,93.45,33.67,26,8,2.51,CN,1677633058
263,rumoi,43.9344,141.6428,34.23,80,100,11.45,JP,1677633069
264,agirish,61.9247,63.0231,14.99,90,54,9.26,RU,1677633074
265,ahipara,-35.1667,173.1667,72.43,59,0,5.19,NZ,1677633080
266,smolenka,52.1352,113.4974,3.27,72,19,2.24,RU,1677633085
267,swan river,52.1058,-101.2676,4.57,93,99,6.29,CA,1677633090
268,kavieng,-2.5744,150.7967,79.59,84,100,6.98,PG,1677633096
269,along,28.1667,94.7667,54.86,69,0,2.57,IN,1677633101
270,leua,48.2156,18.6071,36.5,69,72,4.88,SK,1677633106
271,arlit,18.7369,7.3853,72.68,11,88,7.18,NE,1677633112
272,hasaki,35.7333,140.8333,61.29,48,100,16.2,JP,1677633117
273,sambava,-14.2667,50.1667,74.41,89,19,6.89,MG,1677633122
274,concepcion del oro,24.6333,-101.4167,67.98,16,100,6.98,MX,1677632878
275,palmas bellas,9.2319,-80.0867,76.91,84,48,7.07,PA,1677633133
276,ahuimanu,21.4447,-157.8378,78.51,74,40,18.41,US,1677633138
277,fortuna,40.5982,-124.1573,43.14,83,98,9.01,US,1677633144
278,wad madani,14.4012,33.5199,79.34,17,68,13.76,SD,1677632952
279,mangan,27.5167,88.5333,55.2,46,1,6.31,IN,1677633154
280,stawell,-37.05,142.7667,66.47,52,55,12.46,AU,1677633165
281,taihe,30.8712,105.3845,56.52,37,100,9.73,CN,1677633170
282,stulovo,58.7225,50.1439,14.45,95,100,7.11,RU,1677633175
283,khandbari,27.3747,87.2039,54.52,51,2,3.65,NP,1677633181
284,chimbote,-9.0853,-78.5783,74.93,73,99,7.7,PE,1677633186
285,grindavik,63.8424,-22.4338,39.67,81,40,11.5,IS,1677633191
286,kumluca,36.3703,30.2869,63.55,40,28,5.53,TR,1677633197
287,padra,22.2333,73.0833,64.49,82,0,3.44,IN,1677633202
288,boulder city,35.9786,-114.8325,53.44,30,40,12.66,US,1677633099
289,harper,4.375,-7.7169,79.65,85,66,5.57,LR,1677633213
290,maceio,-9.6658,-35.7353,78.24,88,20,2.3,BR,1677633218
291,mahebourg,-20.4081,57.7,75.25,76,3,6.35,MU,1677633223
292,sao joao da barra,-21.6403,-41.0511,75.6,89,0,7.72,BR,1677633229
293,vanimo,-2.6741,141.3028,80.82,79,99,7.34,PG,1677633234
294,puerto escondido,15.85,-97.0667,81.43,69,0,0.0,MX,1677633239
295,talcahuano,-36.7167,-73.1167,64.08,63,0,12.66,CL,1677633245
296,kanye,-24.9667,25.3327,65.03,51,7,4.21,BW,1677633250
297,baiyin,36.5583,104.2081,29.61,66,99,2.15,CN,1677633256
298,lypnyazhka,48.4469,31.0761,27.95,81,5,7.76,UA,1677633017
299,smithers,54.7804,-127.1743,25.18,91,75,1.54,CA,1677633266
300,salalah,17.0151,54.0924,69.89,73,0,2.3,OM,1677633272
301,noyabrsk,63.1994,75.4507,20.05,94,100,16.91,RU,1677633277
302,huntington,38.4193,-82.4452,52.7,72,0,8.05,US,1677633236
303,kikwit,-5.041,18.8162,69.57,95,98,0.87,CD,1677633292
304,nemuro,43.3236,145.575,36.5,79,4,10.45,JP,1677633298
305,sakakah,29.9697,40.2064,56.21,31,0,4.92,SA,1677633284
306,neiafu,-18.65,-173.9833,84.88,84,40,8.05,TO,1677633308
307,kautokeino,69.0125,23.0412,11.03,95,99,1.66,NO,1677633314
308,tromso,69.6496,18.957,35.38,93,75,3.44,NO,1677633319
309,nanortalik,60.1432,-45.2371,21.04,77,100,9.28,GL,1677633325
310,bratsk,56.1325,101.6142,19.89,80,100,11.86,RU,1677633330
311,alta floresta,-9.8756,-56.0861,73.44,92,98,2.26,BR,1677633336
312,leningradskiy,69.3833,178.4167,-21.84,94,94,6.49,RU,1677633341
313,shenjiamen,29.9576,122.298,52.07,86,100,10.92,CN,1677633346
314,talnakh,69.4865,88.3972,9.21,80,85,7.87,RU,1677633352
315,dzhebariki-khaya,62.2167,135.8,-13.86,95,100,3.96,RU,1677633357
316,milan,45.4643,9.1895,41.02,81,75,3.44,IT,1677633362
317,adrar,20.5022,-10.0711,63.23,39,0,10.11,MR,1677633368
318,synya,65.3718,58.0387,-0.49,95,98,5.7,RU,1677633373
319,burnie,-41.0667,145.9167,64.94,57,34,12.19,AU,1677633379
320,les cayes,18.2,-73.75,73.65,73,1,4.5,HT,1677633384
321,acapulco,16.8634,-99.8901,82.22,61,40,5.75,MX,1677633347
322,port lincoln,-34.7333,135.8667,66.92,62,94,11.43,AU,1677633395
323,saint anthony,45.0205,-93.218,36.55,61,100,8.05,US,1677633400
324,ucluelet,48.9329,-125.5528,42.1,72,7,1.01,CA,1677633325
325,santa monica,34.0195,-118.4912,56.93,73,100,13.8,US,1677633324
326,victor harbor,-35.5667,138.6167,68.0,73,17,3.0,AU,1677633415
327,thompson,55.7435,-97.8558,-3.84,77,75,6.91,CA,1677633353
328,trapani,37.8333,12.6667,43.9,77,0,5.7,IT,1677633339
329,ruteng,-8.6136,120.4721,69.85,72,100,4.65,ID,1677633431
330,san lorenzo,-25.3333,-57.5333,77.94,78,75,0.0,PY,1677633436
331,pascagoula,30.3658,-88.5561,75.72,91,75,6.91,US,1677633283
332,christchurch,-43.5333,172.6333,73.33,68,97,19.57,NZ,1677633439
333,abu zabad,12.35,29.25,73.58,15,11,13.69,SD,1677633452
334,byron bay,-28.65,153.6167,88.95,58,0,12.77,AU,1677633457
335,rodez,44.5,2.5833,30.51,80,40,5.75,FR,1677633463
336,murashi,59.3999,48.9615,12.29,94,100,7.92,RU,1677633468
337,lubumbashi,-11.6609,27.4794,61.61,98,100,2.84,CD,1677633226
338,mahibadhoo,3.7833,72.9667,80.98,76,50,14.67,MV,1677633478
339,portmore,17.9702,-76.8672,73.02,80,0,2.55,JM,1677633185
340,sisimiut,66.9395,-53.6735,5.95,94,100,11.3,GL,1677633489
341,leshukonskoye,64.8989,45.7622,4.62,95,100,6.53,RU,1677633494
342,griffith,41.5284,-87.4237,44.53,68,0,8.05,US,1677633500
343,tecoanapa,16.5167,-98.75,78.87,72,7,4.29,MX,1677633505
344,kysyl-syr,63.8986,122.7617,-5.87,97,100,3.49,RU,1677633511
345,cabedelo,-6.9811,-34.8339,79.47,76,15,10.38,BR,1677633516
346,owando,-0.4819,15.8999,72.86,86,100,1.99,CG,1677633521
347,bukan,36.521,46.2089,36.36,54,38,3.96,IR,1677633527
348,normandin,48.8333,-72.5321,19.71,93,100,16.11,CA,1677633532
349,cortez,37.3489,-108.5859,34.56,51,100,4.61,US,1677633520
350,olinda,-8.0089,-34.8553,82.13,69,40,8.05,BR,1677633542
351,tambacounda,13.7539,-13.7586,84.25,20,0,4.61,SN,1677633548
352,torzhok,57.0436,34.9622,18.61,90,84,10.78,RU,1677633553
353,east wenatchee bench,47.4257,-120.2812,39.58,73,0,3.0,US,1677633558
354,shar,49.5886,81.0453,14.97,78,98,18.34,KZ,1677633564
355,weligama,5.9667,80.4167,74.59,87,99,9.89,LK,1677633569
356,vinh long,10.25,105.9667,78.78,61,18,4.76,VN,1677633575
357,iqaluit,63.7506,-68.5145,-29.47,68,20,5.75,CA,1677633580
358,nago,26.5881,127.9761,68.45,57,0,7.94,JP,1677633586
359,yulara,-25.2406,130.9889,84.36,27,28,21.83,AU,1677633591
360,dickinson,29.4608,-95.0513,76.12,85,20,9.22,US,1677633596
361,bowen,-20.0167,148.2333,79.86,63,12,5.08,AU,1677633602
362,laredo,27.5064,-99.5075,89.89,33,0,8.05,US,1677633567
363,cherskiy,68.75,161.3,-32.84,97,100,5.97,RU,1677633617
364,poltavka,54.3663,71.7632,33.06,98,100,11.9,RU,1677633628
365,sestri levante,44.2732,9.3968,46.42,61,46,10.4,IT,1677633633
366,hamilton,39.1834,-84.5333,47.88,76,0,8.05,US,1677633639
367,tolaga bay,-38.3667,178.3,68.77,65,10,12.48,NZ,1677633644
368,narsaq,60.9167,-46.05,28.62,84,100,10.02,GL,1677633649
369,almunecar,36.7339,-3.6907,49.96,45,0,5.77,ES,1677633625
370,charters towers,-20.1,146.2667,84.9,40,84,7.25,AU,1677633660
371,akhalgori,42.126,44.4833,39.29,69,42,5.12,GE,1677633665
372,pangnirtung,66.1451,-65.7125,-34.44,80,7,5.17,CA,1677633670
373,marau,-28.4492,-52.2,67.87,77,14,4.85,BR,1677633466
374,koindu,8.4386,-10.3253,71.2,92,10,2.95,GN,1677633681
375,diego de almagro,-26.3667,-70.05,66.85,56,0,3.22,CL,1677633687
376,chubbuck,42.9208,-112.4661,28.29,63,20,17.27,US,1677633692
377,sao felix do xingu,-6.6447,-51.995,73.29,95,100,1.72,BR,1677633698
378,samarai,-10.6167,150.6667,82.27,73,55,19.86,PG,1677633703
379,ust-maya,60.4167,134.5333,-3.08,95,100,2.39,RU,1677633708
380,fougamou,-1.2154,10.5838,72.21,98,99,2.44,GA,1677633444
381,anqing,30.5092,117.0506,55.76,59,99,2.71,CN,1677633712
382,komsomolskiy,40.4272,71.7189,34.52,86,0,4.61,UZ,1677633724
383,tual,-5.6667,132.75,81.72,77,100,11.72,ID,1677633729
384,anchorage,61.2181,-149.9003,28.94,84,100,16.11,US,1677633472
385,ngama,11.7833,17.1667,77.65,11,9,8.52,TD,1677633745
386,nisia floresta,-6.0911,-35.2086,77.38,82,16,6.69,BR,1677633537
387,prachuap khiri khan,12.2167,99.75,75.27,49,93,3.27,TH,1677633756
388,kangaatsiaq,68.3065,-53.4641,3.15,95,100,9.46,GL,1677633761
389,tianpeng,30.9866,103.9393,56.71,60,100,4.97,CN,1677633766
390,nouadhibou,20.931,-17.0347,66.18,77,0,16.11,MR,1677633772
391,lata,40.1629,-8.3327,36.07,63,0,3.76,PT,1677633777
392,nizhniy ingash,56.2,96.53,37.18,66,100,16.28,RU,1677633782
393,puerto suarez,-18.95,-57.8,76.95,82,67,3.74,BO,1677633788
394,ambon,-3.6954,128.1814,89.74,58,20,8.05,ID,1677633793
395,northam,51.0333,-4.2167,44.62,79,100,15.32,GB,1677633799
396,cacule,-14.5033,-42.2222,70.56,80,88,4.83,BR,1677633804
397,union,40.6334,-74.2663,38.16,92,40,5.75,US,1677633547
398,cervo,43.6702,-7.4101,45.97,66,95,14.23,ES,1677633759
399,redlands,34.0556,-117.1825,52.32,70,75,4.61,US,1677633825
400,bud,39.447,-86.1758,48.16,80,0,8.66,US,1677633830
401,cidreira,-30.1811,-50.2056,74.86,87,0,18.88,BR,1677633835
402,sulangan,11.1373,123.7228,80.26,81,23,14.9,PH,1677633841
403,morgan city,29.6994,-91.2068,73.0,91,93,5.84,US,1677633821
404,menongue,-14.6585,17.691,61.2,94,94,5.14,AO,1677633851
405,revda,56.801,59.9303,16.93,91,99,9.51,RU,1677633856
406,luderitz,-26.6481,15.1594,61.32,88,0,15.57,NA,1677633862
407,bilma,18.6853,12.9164,76.23,13,92,1.83,NE,1677633867
408,kisangani,0.5167,25.2,68.68,96,100,2.42,CD,1677633873
409,alyangula,-13.8483,136.4192,83.44,76,91,16.8,AU,1677633878
410,acajutla,13.5928,-89.8275,77.47,76,0,3.98,SV,1677633883
411,presidente olegario,-18.4178,-46.4181,68.07,69,23,4.85,BR,1677633888
412,chase,50.8165,-119.6857,36.09,93,100,1.7,CA,1677633894
413,isangel,-19.55,169.2667,78.57,92,100,34.94,VU,1677633899
414,port macquarie,-31.4333,152.9167,87.89,53,83,5.32,AU,1677633904
415,san patricio,28.017,-97.5169,75.54,85,75,12.41,US,1677633910
416,san quintin,30.4833,-115.95,56.01,73,100,15.48,MX,1677633915
417,paragould,36.0584,-90.4973,66.85,51,5,10.27,US,1677633801
418,kayerkan,69.3497,87.7602,8.53,71,100,7.56,RU,1677633926
419,doha,25.2867,51.5333,69.78,60,0,16.11,QA,1677633891
420,irece,-11.3042,-41.8558,73.8,53,91,9.22,BR,1677633936
421,sistranda,63.7256,8.834,40.96,85,100,19.57,NO,1677633942
422,pisco,-13.7,-76.2167,71.65,78,0,13.8,PE,1677633947
423,taksimo,56.3444,114.8794,-2.54,81,61,1.5,RU,1677633952
424,safaga,26.7292,33.9365,73.0,38,0,3.42,EG,1677633958
425,solnechnyy,50.7214,136.6319,15.89,83,99,3.36,RU,1677633963
426,praia,14.9215,-23.5087,69.55,80,15,12.71,CV,1677633968
427,burns lake,54.2331,-125.7533,24.22,89,67,1.28,CA,1677633974
428,port blair,11.6667,92.75,75.24,88,20,0.0,IN,1677633790
429,vostok,46.4856,135.8833,16.75,78,50,5.03,RU,1677633989
430,iskateley,67.6803,53.1512,1.11,94,99,10.16,RU,1677633995
431,axim,4.8699,-2.2405,79.92,87,85,6.33,GH,1677634000
432,ouadda,8.0777,22.4007,72.46,34,95,3.11,CF,1677634005
433,marabba,12.35,32.1833,79.81,16,4,13.73,SD,1677634010
434,longyearbyen,78.2186,15.6401,10.24,72,40,8.05,SJ,1677634016
435,haines junction,60.7522,-137.5108,-4.05,59,100,3.44,CA,1677634021
436,anito,12.4497,125.2886,77.86,91,99,13.67,PH,1677634027
437,lisala,2.15,21.5167,68.45,86,48,2.77,CD,1677634032
438,gamba,-2.65,10.0,75.45,90,100,4.76,GA,1677634037
439,anadyr,64.75,177.4833,-16.01,75,20,11.18,RU,1677634043
440,lompoc,34.6391,-120.4579,51.01,82,100,17.0,US,1677634048
441,dunedin,-45.8742,170.5036,64.8,75,33,7.0,NZ,1677634053
442,montepuez,-13.1256,38.9997,68.43,99,100,3.36,MZ,1677634059
443,kaeo,-35.1,173.7833,72.86,55,0,5.77,NZ,1677634069
444,benguela,-12.5763,13.4055,78.17,78,100,2.39,AO,1677634074
445,ostersund,63.1792,14.6357,35.62,100,75,13.8,SE,1677634080
446,canita,9.2097,-78.8811,74.53,91,28,9.19,PA,1677634085
447,oranjemund,-28.55,16.4333,62.69,90,89,10.33,NA,1677634091
448,desaguadero,-16.5656,-69.0417,49.12,71,11,9.01,PE,1677634096
449,college,64.8569,-147.8028,12.07,81,100,8.05,US,1677634101
450,coquimbo,-29.9533,-71.3436,60.53,88,0,5.75,CL,1677634107
451,port-gentil,-0.7193,8.7815,79.41,80,100,7.92,GA,1677634112
452,abalak,58.1286,68.5944,23.02,92,100,11.65,RU,1677634117
453,fort morgan,40.2503,-103.8,35.28,44,20,25.32,US,1677634123
454,waitara,-38.925,174.25,68.99,59,0,12.1,NZ,1677634133
455,vangaindrano,-23.35,47.6,72.25,92,89,4.27,MG,1677634143
456,abrau-dyurso,44.69,37.59,31.46,82,100,8.57,RU,1677634149
457,moose factory,51.2585,-80.6094,23.0,86,100,14.97,CA,1677634154
458,aswan,24.0934,32.907,65.5,24,0,4.61,EG,1677634160
459,kuytun,54.3419,101.5036,12.02,86,100,9.84,RU,1677634170
460,san miguel,13.4833,-88.1833,75.34,73,0,3.49,SV,1677634175
461,baoshan,46.5586,131.4244,22.98,59,100,1.32,CN,1677634181
462,luganville,-15.5333,167.1667,81.82,87,100,8.16,VU,1677634186
463,ulladulla,-35.35,150.4667,67.98,85,100,15.68,AU,1677634191
464,moron,-34.6534,-58.6198,85.96,58,20,7.56,AR,1677634202
465,bafoulabe,13.8065,-10.8321,81.59,15,0,5.59,ML,1677634207
466,mount isa,-20.7333,139.5,87.57,51,40,9.22,AU,1677634213
467,shubarkuduk,49.1447,56.4872,32.61,98,100,11.01,KZ,1677634218
468,arcos,-20.2819,-45.5394,69.87,77,4,4.14,BR,1677634009
469,salinas,36.6777,-121.6555,51.64,87,100,9.22,US,1677634169
470,palasa,18.7667,84.4167,76.3,33,0,3.33,IN,1677634233
471,bulgan,48.8125,103.5347,21.25,52,10,3.24,MN,1677634244
472,varnavino,57.4035,45.0916,16.66,93,100,8.68,RU,1677634249
473,comodoro rivadavia,-45.8667,-67.5,71.46,26,0,20.71,AR,1677634033
474,plettenberg bay,-34.0527,23.3716,66.88,95,100,2.06,ZA,1677634259
475,cayenne,4.9333,-52.3333,78.84,94,75,5.75,GF,1677634265
476,ust-ishim,57.6935,71.1665,28.42,84,100,13.11,RU,1677634270
477,vagay,57.9375,69.0217,23.31,91,100,10.65,RU,1677634276
478,fujin,47.26,132.0322,20.35,72,19,9.55,CN,1677634281
479,laguna,38.421,-121.4238,48.29,92,100,10.36,US,1677634287
480,mackay,-21.15,149.2,87.67,67,0,5.68,AU,1677634266
481,darnah,32.767,22.6367,61.66,64,12,4.68,LY,1677634297
482,puerto del rosario,28.5004,-13.8627,64.15,82,75,6.91,ES,1677634303
483,surt,31.2089,16.5887,61.23,80,8,10.27,LY,1677634308
484,igarka,67.4667,86.5833,11.66,92,100,15.64,RU,1677634313
485,kita,13.0349,-9.4895,76.53,17,0,5.1,ML,1677634319
486,douentza,14.9951,-2.9517,75.47,17,9,6.26,ML,1677634325
487,kortkeros,61.8106,51.5806,19.4,95,100,6.67,RU,1677634330
488,tomatlan,19.9333,-105.25,70.29,90,100,0.74,MX,1677634335
489,jinhua,29.1078,119.6547,59.74,64,79,3.06,CN,1677634341
490,cody,44.5263,-109.0565,28.62,44,0,18.41,US,1677634351
491,martapura,-3.4167,114.85,74.01,97,100,1.74,ID,1677634356
492,kjollefjord,70.9457,27.3465,30.25,74,75,24.16,NO,1677634362
493,rio grande,-32.035,-52.0986,75.18,83,86,16.13,BR,1677634367
494,kismayo,-0.3582,42.5454,76.15,83,97,11.36,SO,1677634372
495,quatre cocos,-20.2078,57.7625,75.31,78,10,6.69,MU,1677634378
496,pangkalanbuun,-2.6833,111.6167,74.61,96,100,2.08,ID,1677634383
497,champerico,14.3,-91.9167,79.25,74,6,6.53,GT,1677634388
498,xining,36.6167,101.7667,25.59,68,37,2.28,CN,1677634394
499,gimli,50.6336,-96.9907,12.22,52,91,4.61,CA,1677634399
500,bairiki,1.3292,172.9752,87.8,70,75,9.22,KI,1677634404
501,kharp,66.8014,65.8081,-0.56,97,100,3.85,RU,1677634420
502,alice springs,-23.7,133.8833,85.55,26,100,18.41,AU,1677634425
503,alexandria,31.2156,29.9553,61.34,52,0,6.55,EG,1677634431
504,riachao,-7.3619,-46.6172,74.77,79,92,3.49,BR,1677634436
505,olga,43.7444,135.2892,32.72,44,0,5.97,RU,1677634441
506,fort nelson,58.8053,-122.7002,11.79,67,20,5.75,CA,1677634447
507,tiarei,-17.5333,-149.3333,86.02,81,76,8.97,PF,1677634457
508,coronini,44.68,21.6855,38.17,89,100,5.01,RS,1677634462
509,chino valley,34.7575,-112.4538,43.61,63,100,11.5,US,1677634330
510,sinnamary,5.3833,-52.95,76.66,92,100,10.16,GF,1677634473
511,cologno al serio,45.5821,9.7088,41.83,87,40,2.3,IT,1677634478
512,honningsvag,70.9821,25.9704,29.95,86,100,13.8,NO,1677634484
513,lourdes,43.1,-0.05,33.28,69,100,5.75,FR,1677634489
514,manchester,53.4809,-2.2374,43.48,86,100,11.5,GB,1677634430
515,daugai,54.3667,24.3333,32.09,95,100,10.42,LT,1677634499
516,matara,5.9485,80.5353,76.98,84,99,12.39,LK,1677634505
517,turukhansk,65.8167,87.9833,17.24,93,100,14.61,RU,1677634510
518,mehamn,71.0357,27.8492,30.15,74,75,24.16,NO,1677634516
519,rye,40.9807,-73.6837,38.12,85,75,4.61,US,1677634521
520,belaya kholunitsa,58.84,50.8528,10.85,98,98,5.64,RU,1677634526
521,soyo,-6.1349,12.3689,77.18,87,100,5.66,AO,1677634532
522,ambilobe,-13.2,49.05,71.76,94,66,2.42,MG,1677634537
523,dmanisi,41.5251,44.3472,40.24,53,59,5.17,GE,1677634542
524,mandera,3.9366,41.867,76.51,62,100,9.17,KE,1677634548
525,eyl,7.9803,49.8164,74.23,88,100,8.05,SO,1677634553
526,mezhdurechensk,53.6942,88.0603,27.66,92,100,3.89,RU,1677634558
527,natal,-5.795,-35.2094,77.22,88,20,6.91,BR,1677634366
528,panama city,8.9936,-79.5197,82.35,71,20,12.66,PA,1677634449
529,miles city,46.4083,-105.8406,31.17,86,20,4.61,US,1677634574
530,huai yot,7.7893,99.6348,76.62,77,98,2.42,TH,1677634579
531,iralaya,15.0,-83.2333,76.17,80,0,9.26,HN,1677634585
532,victoria,22.2855,114.1577,69.04,74,0,3.0,HK,1677634374
533,ziarat,30.3823,67.7282,39.52,75,92,4.34,PK,1677634595
534,forestville,38.8451,-76.875,50.86,80,0,8.05,US,1677634600
535,provideniya,64.3833,-173.3,7.02,82,100,17.34,RU,1677634606
536,namtsy,62.7161,129.6658,-20.31,93,55,3.31,RU,1677634611
537,whitehorse,60.7161,-135.0538,3.02,68,100,28.77,CA,1677634597
538,terrace,54.5163,-128.6035,31.91,59,75,5.75,CA,1677634621
539,ugoofaaru,5.6667,73.0,80.38,69,69,9.98,MV,1677634627
540,tucupita,9.0622,-62.051,75.16,80,56,5.01,VE,1677634637
541,thinadhoo,0.5333,72.9333,81.77,68,66,11.83,MV,1677634643
542,port hedland,-20.3167,118.5667,95.05,49,40,10.36,AU,1677634648
543,zgierz,51.8556,19.4062,24.26,83,10,1.14,PL,1677634653
544,deep river,46.1001,-77.4995,29.95,92,44,9.15,CA,1677634659
545,saint-francois,46.4154,3.9054,24.67,86,0,3.44,FR,1677634664
546,kariba,-16.5167,28.8,68.58,89,94,1.95,ZW,1677634674
547,meulaboh,4.1363,96.1285,77.54,82,65,4.38,ID,1677634680
548,cabildo,-38.4842,-61.8954,77.83,63,100,19.42,AR,1677634685
549,la ronge,55.1001,-105.2842,-0.15,65,0,3.44,CA,1677634690
550,tabat,-2.635,115.2274,74.48,97,100,3.49,ID,1677634696
551,asau,46.4333,26.4,32.92,92,51,1.86,RO,1677634701
552,bangangte,5.1409,10.5198,63.0,93,67,4.56,CM,1677634706
553,hervey bay,-25.2986,152.8535,76.98,64,0,5.73,AU,1677634712
554,buraydah,26.326,43.975,59.45,32,12,6.53,SA,1677634717
555,manta,-0.95,-80.7333,82.18,78,40,4.61,EC,1677634710
556,abbeville,50.1,1.8333,30.16,69,33,7.47,FR,1677634489
557,safita,34.8205,36.1153,57.27,40,7,7.61,SY,1677634733
558,isabela,6.7085,121.9711,84.25,67,9,5.06,PH,1677634743
559,conchas,-23.0153,-48.0106,68.58,95,100,7.02,BR,1677634716
560,puerto colombia,10.9878,-74.9547,77.09,86,3,27.76,CO,1677634754
561,mogadishu,2.0371,45.3438,76.14,84,94,12.68,SO,1677634759
562,jeremie,18.65,-74.1167,74.46,79,0,5.3,HT,1677634764
563,charlestown,-32.95,151.6667,90.5,54,100,7.0,AU,1677634659
564,san jose,37.3394,-121.895,52.21,80,75,5.75,US,1677634061
565,wahiawa,21.5028,-158.0236,75.52,73,40,14.97,US,1677634780
566,mongo,12.1844,18.693,77.49,11,97,5.21,TD,1677634791
567,bar harbor,44.3876,-68.2039,29.98,89,100,5.99,US,1677634611
568,la grande,45.3246,-118.0877,32.0,72,100,6.11,US,1677634529
569,ballina,-28.8667,153.5667,89.02,62,0,11.74,AU,1677634806
570,fiche,9.8,38.7333,53.31,68,95,1.7,ET,1677634812
571,auki,-8.7676,160.7034,80.1,87,99,14.36,SB,1677634817
572,rio gallegos,-51.6226,-69.2181,51.85,32,0,19.57,AR,1677634798
573,usinsk,65.9939,57.5281,-3.98,99,92,9.53,RU,1677634828
574,mansa,29.9833,75.3833,56.64,81,63,6.11,IN,1677634833
575,hovd,48.0056,91.6419,10.78,68,1,2.82,MN,1677634843
576,lixourion,38.2019,20.4314,57.58,84,100,5.17,GR,1677634849
577,tak,16.5833,98.8333,55.11,22,4,0.54,TH,1677634854
578,krasnoselkup,65.7,82.4667,24.31,97,100,8.61,RU,1677634859
579,guerrero negro,27.9769,-114.0611,57.36,68,77,20.13,MX,1677634865
580,novikovo,51.1537,37.8879,26.82,87,100,16.4,RU,1677634870
581,tikhvin,59.6451,33.5294,24.22,95,100,9.95,RU,1677634875
582,nowy dwor gdanski,54.2131,19.1177,36.14,90,100,7.14,PL,1677634881
583,opunake,-39.4556,173.8583,69.62,62,0,5.88,NZ,1677634886
584,inhambane,-23.865,35.3833,76.28,93,100,15.39,MZ,1677634891
